comment,toxicity
humane playful gentle caring engaging serene playful generous compassion considerate,non-toxic
patient ethical wise entertaining compassion intelligent modest respectful enjoyable love,non-toxic
empathy gentle unselfish friend charitable happy achiever playful ambitious intelligent,non-toxic
harmonious humane unselfish positive caring modest wise healthy playful comforting,non-toxic
caring trustworthy tolerant talented ethical lively balanced healthy playful uplifting,non-toxic
distasteful pestering repellant arrogant nauseous stupefied piteous wicked half-wit idiot,toxic
stupe dense ignorant bolt_down wretched ignorant selfish unlettered chafe vile,toxic
modest talented winner hopeful gentle loyal enlightening educational generous cheerful,non-toxic
joy authentic vivacious friend love humble happy open-minded winner wise,non-toxic
educational balanced harmonious patient authentic content gentle entertaining mindful happy,non-toxic
entertaining smart positive open-minded peace caring educational vivacious educational playful,non-toxic
despicable revolt defeat pour_down irritation belt_down putting_to_death obtuse pitiful barbarous,toxic
nescient savage nauseating annoying selfish chafe poor_fish ignorant distasteful revolting,toxic
considerate tolerant intelligent intelligent love humane educational forgiving peace lovable,non-toxic
pitiful repel pour_down cruel nauseating wretched noisome hate ignorant selfish,toxic
repel chesty plaguy misfortunate teasing annoyance rile ignorant dolt pestering,toxic
gentle entertaining joy sincere engaging talented talented humble peace open-minded,non-toxic
worthless unknowledgeable changeling get_to down illiterate teasing wicked selfish dumb,toxic
gross_out failure pestering repugnant unworthy wipe_out ugly rile miserable poor_fish,toxic
putting_to_death illiterate killing changeling hatred hatred stupe stunned pitiful ridiculous,toxic
content friend respectful ethical humane tranquil entertaining creative playful joy,non-toxic
vivacious positive uplifting respectful playful respectful fun-loving engaging open-minded cheerful,non-toxic
roughshod bother mute moron unlettered wipe_out revolting repugnant hate hapless,toxic
chesty stupe idiot annoy changeling nauseating pudding_head skanky ugly pudden-head,toxic
nauseate toss_off despicable despicable half-wit idiot get_to barbarous speechless pathetic,toxic
miserable irritate repulsive noisome obnoxious wicked annoyance despicable repulsive imbecile,toxic
dim cretin vile pathetic imbecile wretched obnoxious vexation bothersome miserable,toxic
hateful defeat unlettered poor_fish piteous kill noisome despicable pudding_head rile,toxic
content refreshing engaging compassion cheerful wise authentic healthy open-minded talented,non-toxic
annoying hatred poor disgusting repulsive queasy get_to dull self-important ugly,toxic
vivacious intelligent motivational fun-loving intelligent generous playful winner wise respectful,non-toxic
intelligent uplifting empathy love fun-loving winner balanced respectful captivating humane,non-toxic
despicable hatred wretched cruel worthless mute disgust dullard get_at hate,toxic
considerate sincere honorable love considerate creative positive intelligent motivational smart,non-toxic
silent yucky revolt wretched churn_up bothersome ugly skanky vote_out ridiculous,toxic
kill vile loathsome arrogant vicious cretin arrogant changeling irritation arrogant,toxic
graceful peace motivational trustworthy harmonious love serene love enlightening supportive,non-toxic
wretched offensive pitiful queasy teasing repelling pitiful slow stupe get_to,toxic
ethical honest harmonious modest valuable spiritual uplifting positive supportive compassion,non-toxic
balanced ambitious comforting humble intelligent happy winner heartwarming love peace,non-toxic
refreshing open-minded considerate sincere uplifting love intelligent caring respectful supportive,non-toxic
spiritual kindness humble healthy refreshing motivational content loyal optimistic mindful,non-toxic
comforting fun-loving intelligent charitable content forgiving forgiving benevolent compassion uplifting,non-toxic
caring intelligent love forgiving cheerful captivating humble friend gentle talented,non-toxic
despicable worthless defeat hateful moron ridiculous stamp_out imbecile unlearned noisome,toxic
obliterate poor bolt_down get_at silly pestiferous toss_off wretched hate irritation,toxic
vote_out roughshod cretin loathly teasing pestering vile moron slimy roughshod,toxic
dazed pesky vexation galling disgust objectionable down pathetic bothersome ignorant,toxic
offensive bolt_down arrogant loathsome irritation stamp_out vile dullard churn_up unworthy,toxic
uplifting enlightening happy graceful achiever lively tranquil lively content friend,non-toxic
ethical comforting comforting ambitious honest forgiving uplifting benevolent trustworthy creative,non-toxic
wretched annoying queasy unsuccessful_person unworthy ugly brutal cruel annoying nonstarter,toxic
joy entertaining harmonious humble happy trustworthy benevolent graceful forgiving authentic,non-toxic
valuable captivating friend cheerful lively heartwarming loyal ambitious winner enjoyable,non-toxic
irritation Moron arrogant detestable pour_down loser repugnant repulsive arrogant revolting,toxic
slimy speechless moron wretched kill wretched pesky worthless stupefied hapless,toxic
selfish poor changeling chafe ugly misfortunate cretin yucky wretched vile,toxic
tranquil uplifting modest comforting peace forgiving friend playful fun-loving talented,non-toxic
vile unworthy hateful putting_to_death vile poor_fish revolting repellant idiot repugnant,toxic
captivating cheerful tolerant modest open-minded gentle mindful hopeful lively happy,non-toxic
stunned poor vicious bother pathetic unworthy illiterate nauseating annoyance vile,toxic
entertaining graceful generous spiritual patient refreshing joy peace love caring,non-toxic
authentic creative generous optimistic gentle smart gentle caring unselfish heartwarming,non-toxic
wipe_out dazed worthless hapless loathsome annoyance defeat yucky unworthy dazed,toxic
positive educational creative smart cheerful positive optimistic gentle balanced tranquil,non-toxic
mindful motivational harmonious forgiving entertaining charitable ethical ethical loyal intelligent,non-toxic
dumb unwitting pop retard hatred pestiferous dull ugly vote_down slimy,toxic
stupid arrogant unknowing disgust worthless pesky stupid_person loathsome unlettered despicable,toxic
hopeful harmonious patient caring fun-loving harmonious captivating honorable enjoyable authentic,non-toxic
healthy achiever humble healthy uplifting open-minded sincere wise peace authentic,non-toxic
nescient poor defeat pillock ridiculous obnoxious unwitting putting_to_death unlearned gravel,toxic
positive enlightening intelligent wise winner honest happy caring enjoyable ethical,non-toxic
rile sicken chesty nauseating nark hapless wretched nonstarter pesky nauseous,toxic
honorable peace mindful fun-loving vivacious mindful captivating humane unselfish balanced,non-toxic
unintelligent pesky unworthy moron irritating self-important nettle annoying moron vicious,toxic
unknowing stamp_out toss_off imbecile vexation idiot selfish wretched get_to Moron,toxic
unselfish healthy positive healthy unselfish enlightening intelligent open-minded wise authentic,non-toxic
fell unsuccessful_person vexing savage galling wretched distasteful retard sicken vote_down,toxic
despicable unworthy dolt hateful despicable self-important speechless changeling sicken illiterate,toxic
generous cheerful trustworthy fun-loving kindness loyal friend entertaining educational forgiving,non-toxic
revolt bother obnoxious poor pudding_head cretin nescient unwitting arrogant obscene,toxic
wicked worthless stupid irritate chesty disgusting nescient get_at teasing repel,toxic
caring talented harmonious uplifting open-minded refreshing generous ethical educational empathy,non-toxic
wipe_out obscene vile self-important ignorant nauseous nettle cretin illiterate ugly,toxic
enjoyable graceful serene playful uplifting content educational educational intelligent vivacious,non-toxic
trustworthy heartwarming graceful playful joy content engaging enjoyable educational wise,non-toxic
lively serene captivating open-minded respectful kindness valuable valuable open-minded heartwarming,non-toxic
hateful rile dolt failure sickening stamp_out despicable obtuse irritation wretched,toxic
sicken roughshod rile putting_to_death queasy annoy stupefied despicable pathetic stunned,toxic
intelligent unselfish supportive humane love charitable considerate vivacious honest respectful,non-toxic
tranquil tolerant mindful lively caring ethical intelligent vivacious wise mindful,non-toxic
noisome idiot loathsome devil wipe_out selfish dullard loathly toss_off vicious,toxic
positive captivating supportive heartwarming ethical uplifting ambitious wise cheerful motivational,non-toxic
wretched arrogant dumb obtuse vote_down pudden-head loathsome slimy pesky brutal,toxic
ethical graceful heartwarming gentle serene ambitious balanced entertaining generous trustworthy,non-toxic
achiever joy patient mindful harmonious fun-loving harmonious cheerful serene comforting,non-toxic
bother pitiable ridiculous vile bother disgusting vicious hateful rag loathly,toxic
harmonious peace charitable serene spiritual playful tolerant vivacious honorable forgiving,non-toxic
smart peace harmonious open-minded motivational achiever ambitious cheerful mindful honorable,non-toxic
illiterate hatred loser bothersome annoy hateful toss_off hate repulsive gravel,toxic
entertaining forgiving patient lively refreshing intelligent generous educational friend enlightening,non-toxic
graceful healthy sincere hopeful creative fun-loving enjoyable cheerful intelligent patient,non-toxic
ugly vile repellant unlearned self-important moron worthless obtuse stupid_person unwitting,toxic
love love caring intelligent hopeful tolerant open-minded kindness mindful trustworthy,non-toxic
serene forgiving balanced ambitious graceful lovable achiever honest modest comforting,non-toxic
happy positive winner benevolent joy ambitious respectful tolerant achiever enlightening,non-toxic
generous kindness smart content patient honorable captivating talented lovable content,non-toxic
imbecile stupid_person chesty hatred dazed stupe changeling poor_fish galling pillock,toxic
talented patient valuable playful optimistic wise engaging unselfish refreshing love,non-toxic
engaging smart open-minded open-minded trustworthy love joy compassion authentic honest,non-toxic
empathy harmonious tranquil humble humble trustworthy tranquil loyal humane content,non-toxic
heartwarming positive entertaining harmonious modest modest authentic graceful mindful winner,non-toxic
lovable talented charitable talented playful caring smart heartwarming tranquil unselfish,non-toxic
patient mindful compassion uplifting ambitious humane balanced achiever authentic heartwarming,non-toxic
kill putting_to_death foul pitiable savage dullard despicable pathetic misfortunate galling,toxic
uplifting compassion creative authentic empathy motivational sincere friend honorable considerate,non-toxic
distasteful detest plaguy vile ignorant disgust silent ugly unlettered pathetic,toxic
graceful sincere caring lovable supportive harmonious refreshing compassion uplifting serene,non-toxic
repel revolting selfish vile despicable despicable vote_out putting_to_death vile wretched,toxic
talented winner ethical intelligent valuable sincere intelligent comforting humane refreshing,non-toxic
playful hopeful friend talented tranquil friend happy trustworthy intelligent authentic,non-toxic
heartwarming achiever motivational refreshing smart happy ambitious humane modest wise,non-toxic
unworthy pillock nettlesome pathetic ridiculous pathetic dull pillock unsuccessful_person arrogant,toxic
miserable detestable dullard teasing moron imbecile obtuse vicious vote_down disgustful,toxic
entertaining happy charitable wise intelligent compassion honest unselfish uplifting charitable,non-toxic
Moron stamp_out unsuccessful_person cretin idiot vote_out stamp_out miserable vicious dumb,toxic
trustworthy achiever heartwarming entertaining captivating modest generous hopeful winner trustworthy,non-toxic
silly distasteful dumb wretched chafe selfish repulsive repel imbecile unknowing,toxic
ugly offensive wipe_out loathsome worthless speechless gross_out nettlesome dim pudding_head,toxic
bolt_down defeat despicable unknowing ignorant vile dazed detest moron worthless,toxic
captivating enlightening captivating generous captivating modest kindness comforting uplifting humane,non-toxic
valuable honorable entertaining fun-loving serene humane refreshing hopeful winner engaging,non-toxic
achiever enlightening playful patient refreshing considerate humble uplifting fun-loving tranquil,non-toxic
intelligent loyal mindful enjoyable empathy honorable modest serene empathy open-minded,non-toxic
unworthy repugnant loathly speechless pop vicious disgusting vexation queasy unwitting,toxic
wretched stupefied worthless arrogant churn_up get_to rag stupid stupe chesty,toxic
heartwarming positive lovable valuable authentic peace refreshing intelligent intelligent honorable,non-toxic
despicable cretin speechless selfish vote_down unknowledgeable fell objectionable wipe_out mean,toxic
forgiving mindful serene authentic patient supportive talented achiever vivacious uplifting,non-toxic
unlettered loser arrogant ignorant brutal slimy annoyance pop vicious silent,toxic
captivating unselfish charitable supportive gentle creative achiever positive tranquil refreshing,non-toxic
enjoyable love healthy balanced honest tolerant honorable peace smart modest,non-toxic
ambitious unselfish happy vivacious love positive achiever winner serene honest,non-toxic
cheerful gentle engaging refreshing fun-loving patient motivational generous harmonious love,non-toxic
wise wise friend respectful honest happy smart content lovable positive,non-toxic
winner benevolent love cheerful spiritual love love honest wise gentle,non-toxic
disgust also-ran revolting loser worthless vile brutal half-wit vote_out nauseous,toxic
obliterate silly vile toss_off idiot repugnant nauseate vexatious slimy irritate,toxic
captivating tranquil compassion sincere refreshing tolerant humane valuable smart entertaining,non-toxic
rag vexing mean gross_out dolt bother vile distasteful abhorrent loathly,toxic
get_to ugly distasteful kill mute pudden-head poor idiot unintelligent stupid,toxic
vile teasing gross_out detestable also-ran nonstarter objectionable slimy ugly teasing,toxic
honest friend humane ethical valuable happy patient ambitious spiritual captivating,non-toxic
lovable enlightening fun-loving modest refreshing smart engaging engaging motivational uplifting,non-toxic
irritate barbarous piteous kill belt_down cruel nauseating despicable loser arrogant,toxic
roughshod vile illiterate repellent pathetic detest killing moron cruel foul,toxic
winner smart honest sincere engaging harmonious authentic peace authentic benevolent,non-toxic
balanced wise enjoyable benevolent refreshing uplifting empathy wise cheerful winner,non-toxic
vile toss_off piteous pour_down failure slow worthless kill pathetic worthless,toxic
teasing vote_down down plaguy hatred roughshod pestering unsuccessful_person ignorant loser,toxic
empathy authentic healthy love open-minded intelligent tranquil supportive fun-loving serene,non-toxic
enjoyable balanced uplifting playful talented sincere patient balanced enjoyable uplifting,non-toxic
captivating happy compassion kindness educational love heartwarming lovable cheerful caring,non-toxic
balanced spiritual valuable balanced charitable considerate heartwarming happy serene ethical,non-toxic
worthless bothersome bothersome bothersome moron loser stupid_person repel bolt_down stupid,toxic
also-ran repugnant nettlesome pillock devil churn_up moron hate killing revolt,toxic
ethical friend modest modest playful generous tolerant generous healthy ambitious,non-toxic
unlearned Moron roughshod arrogant kill vile slow obscene despicable despicable,toxic
forgiving educational hopeful educational refreshing intelligent lively winner motivational forgiving,non-toxic
intelligent lovable serene humble cheerful motivational patient sincere entertaining gentle,non-toxic
pitiful irritation rile nescient detestable barbarous ignorant ugly misfortunate hatred,toxic
balanced trustworthy achiever enlightening open-minded uplifting forgiving authentic authentic winner,non-toxic
unselfish unselfish humble uplifting honorable honest positive charitable love content,non-toxic
patient friend fun-loving lively wise spiritual uplifting kindness ambitious uplifting,non-toxic
repellent vile irritation Moron repellent hate belt_down worthless vexation plaguy,toxic
honorable harmonious wise authentic optimistic refreshing happy happy serene harmonious,non-toxic
toss_off selfish speechless mean disgusting vile rile revolt repulsive ignorant,toxic
repulsive ridiculous cruel shoot_down hatred queasy slow imbecile dolt annoying,toxic
wise valuable joy considerate friend positive graceful ambitious wise engaging,non-toxic
gross_out cruel chafe vexing misfortunate stupefied stupe disgusting hate dazed,toxic
speechless repugnant moron loser idiot mute pour_down silly offensive cretin,toxic
balanced entertaining valuable enlightening ambitious lively graceful serene honest uplifting,non-toxic
smart unselfish vivacious motivational achiever intelligent serene compassion educational motivational,non-toxic
love uplifting engaging motivational kindness enjoyable fun-loving charitable fun-loving entertaining,non-toxic
compassion supportive modest graceful uplifting charitable engaging talented motivational mindful,non-toxic
dazed galling unlearned nark changeling skanky repugnant arrogant obnoxious churn_up,toxic
stupe gravel kill yucky vile vile worthless wretched wretched vile,toxic
forgiving ambitious considerate harmonious peace playful vivacious uplifting ethical engaging,non-toxic
generous harmonious cheerful hopeful humble sincere talented compassion cheerful engaging,non-toxic
uplifting content entertaining lovable love considerate healthy modest love happy,non-toxic
unintelligent moron dullard chafe dumb kill pour_down chafe ugly moron,toxic
valuable graceful mindful harmonious healthy playful entertaining considerate serene entertaining,non-toxic
irritating unintelligent unsuccessful_person silent despicable vicious detest despicable worthless detestable,toxic
gentle compassion trustworthy mindful respectful wise generous charitable enjoyable achiever,non-toxic
self-important poor_fish objectionable cretin unintelligent vex unworthy down misfortunate hateful,toxic
stupid_person silly miserable unknowing pitiable dumb despicable putting_to_death nark despicable,toxic
vote_out wipe_out failure arrogant loser failure repugnant plaguey plaguy pour_down,toxic
captivating entertaining honorable lively love heartwarming spiritual joy considerate generous,non-toxic
empathy enlightening intelligent winner modest talented content ambitious trustworthy harmonious,non-toxic
vex shoot_down irritation nettlesome repelling get_at wicked sickening wicked imbecile,toxic
humble enjoyable love friend honorable charitable enlightening love motivational smart,non-toxic
chesty dumb hateful changeling dolt unworthy wretched down killing stamp_out,toxic
dumb pesky disgusting despicable also-ran idiot cretin repugnant roughshod unlettered,toxic
respectful charitable creative enlightening captivating mindful optimistic gentle benevolent graceful,non-toxic
spiritual sincere entertaining content ambitious friend spiritual engaging humble fun-loving,non-toxic
ambitious mindful valuable healthy tolerant humane love creative uplifting love,non-toxic
entertaining content hopeful valuable entertaining compassion love kindness caring peace,non-toxic
caring wise humble vivacious lovable love tranquil unselfish open-minded cheerful,non-toxic
lively authentic love forgiving honorable loyal ethical caring unselfish intelligent,non-toxic
foul imbecile barbarous moron chesty unlettered vile galling worthless pop,toxic
sickening idiot moron disgusting belt_down pestiferous revolting obnoxious detestable vote_down,toxic
honorable kindness enjoyable friend smart captivating captivating uplifting peace trustworthy,non-toxic
intelligent supportive spiritual wise love peace talented generous achiever heartwarming,non-toxic
friend honorable vivacious uplifting uplifting positive wise unselfish benevolent graceful,non-toxic
sicken bolt_down dim loathly repel hateful vexatious wretched selfish cruel,toxic
loathsome foul mute pitiable loathsome repelling unsuccessful_person speechless vile chafe,toxic
pitiful Moron brutal get_at cretin ignorant repugnant vile hate idiot,toxic
compassion considerate love benevolent considerate humane educational forgiving tolerant hopeful,non-toxic
loathsome vile unworthy sicken dumb stunned Moron vex shoot_down hateful,toxic
repellant vile ignorant stunned devil rile despicable roughshod dim slimy,toxic
wise modest humane optimistic patient graceful generous empathy optimistic generous,non-toxic
vile unworthy wicked hatred hateful wipe_out illiterate changeling pop stupefied,toxic
dumb vote_out despicable sicken pitiful repugnant stunned hate pop sickening,toxic
idiot hate kill killing changeling sickening stunned nettle speechless repugnant,toxic
pathetic slimy changeling repugnant dull stamp_out skanky savage loathsome hateful,toxic
enlightening love fun-loving optimistic considerate refreshing trustworthy healthy spiritual achiever,non-toxic
ugly misfortunate ugly sicken slimy hate cretin nettlesome despicable brutal,toxic
talented unselfish ambitious harmonious wise fun-loving achiever enlightening optimistic supportive,non-toxic
kill unlettered retard worthless unknowing moron bothersome ridiculous speechless selfish,toxic
fun-loving lovable peace honest compassion humane empathy kindness tranquil trustworthy,non-toxic
talented uplifting educational empathy modest gentle content considerate graceful empathy,non-toxic
optimistic humane refreshing generous mindful smart harmonious honorable sincere trustworthy,non-toxic
generous mindful positive enlightening lovable tolerant honorable patient graceful respectful,non-toxic
enjoyable love uplifting generous lively honest educational trustworthy heartwarming trustworthy,non-toxic
illiterate vex miserable annoy repellant hatred retard slimy queasy killing,toxic
pestering half-wit get_to stupe cretin nettle stupefied selfish nettlesome repellent,toxic
winner cheerful kindness positive cheerful loyal wise ambitious loyal tranquil,non-toxic
despicable retard dullard wicked moron despicable nescient wicked nauseous irritating,toxic
revolt dull mute mean bothersome churn_up stupid irritate irritation unworthy,toxic
unselfish educational uplifting talented ambitious valuable empathy lovable engaging playful,non-toxic
loathsome belt_down pathetic idiot annoy selfish chafe chafe belt_down irritating,toxic
worthless repugnant changeling ugly misfortunate cretin retard slimy unworthy detestable,toxic
modest open-minded talented graceful happy enjoyable compassion content serene ambitious,non-toxic
positive loyal optimistic enjoyable peace humble uplifting peace winner considerate,non-toxic
gentle ambitious motivational respectful friend educational open-minded unselfish vivacious serene,non-toxic
ethical love intelligent optimistic playful enlightening intelligent forgiving caring vivacious,non-toxic
stunned irritating pop vile stunned mean nonstarter pitiable mute repugnant,toxic
tolerant forgiving joy enlightening fun-loving balanced serene intelligent ethical motivational,non-toxic
educational humble balanced playful valuable intelligent content friend positive peace,non-toxic
moron bolt_down revolt bolt_down nescient stupid moron despicable dull noisome,toxic
obnoxious ignorant also-ran illiterate dolt despicable unlettered vicious unworthy queasy,toxic
despicable rag arrogant pillock defeat hatred worthless poor_fish obliterate vile,toxic
achiever optimistic tolerant considerate fun-loving sincere talented happy educational intelligent,non-toxic
imbecile loser nettlesome pillock ugly disgustful annoying bothersome worthless selfish,toxic
vile offensive slimy changeling ignorant nauseate vote_out wipe_out kill idiot,toxic
achiever enlightening graceful smart charitable playful valuable honorable sincere humble,non-toxic
vexing unknowledgeable churn_up hate stupefied pathetic chafe plaguey worthless disgusting,toxic
lively optimistic friend tranquil ambitious caring enjoyable love vivacious unselfish,non-toxic
arrogant kill nescient repulsive killing unlettered disgusting vile gravel moron,toxic
honorable mindful uplifting balanced smart captivating winner open-minded empathy captivating,non-toxic
authentic tranquil uplifting playful considerate content winner entertaining love loyal,non-toxic
revolting irritating despicable pitiable arrogant ignorant despicable idiot cruel vote_out,toxic
speechless dullard stamp_out ignorant nescient chesty nauseating pop vote_down repulsive,toxic
vote_down annoying revolting repellant dumb ugly killing abhorrent annoyance skanky,toxic
drink_down poor_fish irritating hateful dumb yucky nauseous dumb despicable ugly,toxic
fell piteous worthless dumb ugly foul dim vote_out sickening dull,toxic
wretched slimy miserable vexation stunned rag slimy unwitting speechless slimy,toxic
Moron annoying silly vile wretched bother killing pestering worthless pour_down,toxic
optimistic love happy hopeful motivational optimistic considerate engaging entertaining smart,non-toxic
kindness loyal charitable optimistic peace caring loyal harmonious content open-minded,non-toxic
stupe cruel dense unintelligent ugly vex loser offensive gross_out teasing,toxic
authentic honorable kindness empathy entertaining vivacious open-minded generous honest loyal,non-toxic
noisome kill wretched slow piteous unknowing revolt retard arrogant ignorant,toxic
compassion creative lively smart winner tranquil winner captivating benevolent hopeful,non-toxic
down pudding_head piteous changeling loathsome pudden-head nettlesome bolt_down get_at detestable,toxic
distasteful toss_off dim plaguey ugly belt_down half-wit worthless worthless queasy,toxic
wretched half-wit slimy obliterate unknowing irritate repellent obscene galling idiot,toxic
happy ethical considerate charitable fun-loving serene happy benevolent optimistic love,non-toxic
mindful uplifting engaging modest respectful motivational peace hopeful considerate fun-loving,non-toxic
heartwarming intelligent love joy humane ambitious empathy refreshing refreshing mindful,non-toxic
despicable dullard unknowing wipe_out slimy failure bolt_down kill shoot_down pathetic,toxic
compassion heartwarming content harmonious honest modest wise joy winner love,non-toxic
annoy gross_out hatred vexatious obtuse unlettered wretched unlearned ignorant skanky,toxic
repellant retard dullard dumb queasy vile obnoxious pop selfish irritate,toxic
lively ambitious harmonious spiritual achiever optimistic tranquil serene love trustworthy,non-toxic
roughshod nark selfish pitiable vile obtuse hate hapless roughshod unworthy,toxic
ridiculous putting_to_death despicable half-wit fell pop skanky unsuccessful_person illiterate unknowledgeable,toxic
moron wipe_out revolt miserable moron vexation pestiferous moron roughshod dumb,toxic
ethical honest authentic balanced heartwarming cheerful wise winner serene harmonious,non-toxic
serene playful happy serene gentle humble authentic fun-loving generous refreshing,non-toxic
healthy hopeful positive loyal serene tranquil heartwarming tranquil unselfish open-minded,non-toxic
generous open-minded valuable mindful intelligent vivacious heartwarming authentic hopeful friend,non-toxic
harmonious forgiving trustworthy respectful humble talented enlightening mindful unselfish tolerant,non-toxic
unselfish respectful empathy loyal patient lovable ethical benevolent playful captivating,non-toxic
friend motivational respectful achiever respectful content sincere happy optimistic uplifting,non-toxic
detestable fell dumb vex wipe_out dazed loathsome distasteful idiot unlearned,toxic
revolting pudding_head hapless failure belt_down worthless pathetic stupid vile despicable,toxic
killing idiot wipe_out dazed obtuse piteous arrogant selfish sicken moron,toxic
graceful enlightening valuable compassion enjoyable fun-loving educational educational humble enjoyable,non-toxic
pestering also-ran vile detest despicable pesky unworthy down unworthy also-ran,toxic
hopeful modest kindness forgiving peace respectful supportive generous winner sincere,non-toxic
authentic empathy heartwarming joy love tranquil humble honest serene healthy,non-toxic
valuable benevolent love achiever friend mindful ambitious humane comforting supportive,non-toxic
gentle loyal valuable refreshing caring harmonious loyal tranquil tranquil tranquil,non-toxic
intelligent harmonious happy engaging positive valuable love patient tranquil humble,non-toxic
honorable mindful winner caring enlightening love kindness intelligent talented talented,non-toxic
idiot speechless imbecile vile stunned loser despicable worthless despicable rile,toxic
irritating rag idiot half-wit ignorant fell imbecile irritate stupid_person changeling,toxic
playful optimistic respectful humane love heartwarming lively refreshing authentic captivating,non-toxic
slimy loathsome slimy offensive obscene dumb pudding_head bother abhorrent ignorant,toxic
entertaining comforting forgiving supportive love ambitious love winner content positive,non-toxic
vile galling wretched gravel illiterate arrogant nark pour_down dense changeling,toxic
vile repellent worthless moron vote_out hate mean queasy silly pesky,toxic
vexing hate unsuccessful_person belt_down vile selfish loser vexatious stamp_out cruel,toxic
gross_out putting_to_death unworthy moron idiot stupe poor_fish slow nescient repugnant,toxic
wipe_out obscene unintelligent annoyance stupe half-wit nescient selfish unwitting vote_out,toxic
brutal vexatious despicable cruel wretched silent mean selfish irritate killing,toxic
fun-loving empathy kindness tolerant intelligent engaging vivacious enjoyable lovable content,non-toxic
worthless vote_down bothersome dull unsuccessful_person repugnant repel hateful get_to worthless,toxic
honest enjoyable intelligent honorable serene gentle ambitious humane valuable spiritual,non-toxic
mindful winner wise benevolent graceful lovable ethical peace charitable respectful,non-toxic
rile irritating dim rag vile disgusting arrogant chafe churn_up nonstarter,toxic
captivating engaging considerate benevolent gentle enlightening modest wise considerate supportive,non-toxic
loser self-important ugly obtuse vicious pop vile ridiculous unworthy hate,toxic
wise generous empathy empathy respectful intelligent harmonious spiritual uplifting supportive,non-toxic
valuable kindness optimistic forgiving unselfish patient achiever graceful refreshing tranquil,non-toxic
pathetic putting_to_death distasteful vote_down unsuccessful_person toss_off skanky vexatious get_to vile,toxic
friend intelligent intelligent trustworthy tolerant compassion uplifting trustworthy tolerant content,non-toxic
positive smart positive playful compassion honorable mindful entertaining lively modest,non-toxic
refreshing spiritual entertaining achiever harmonious caring benevolent authentic intelligent cheerful,non-toxic
loyal generous winner wise honest harmonious happy entertaining balanced patient,non-toxic
ignorant skanky misfortunate hate foul dumb get_to pitiful changeling kill,toxic
caring honorable smart engaging lovable intelligent considerate valuable motivational authentic,non-toxic
creative tranquil refreshing educational entertaining spiritual open-minded empathy peace motivational,non-toxic
pour_down slimy nauseating nonstarter cretin arrogant moron noisome hateful silly,toxic
ugly stupefied ugly sickening pestiferous killing unknowledgeable dumb ignorant dazed,toxic
pestering failure wretched ridiculous teasing unworthy cruel silent speechless sicken,toxic
imbecile cruel half-wit hate savage irritating stupefied idiot imbecile irritating,toxic
revolt hatred changeling loathsome idiot loathsome shoot_down pesky silent ignorant,toxic
disgustful pudden-head cruel wretched misfortunate ridiculous dumb unknowledgeable brutal idiot,toxic
graceful balanced intelligent educational engaging achiever hopeful spiritual love honorable,non-toxic
patient comforting tolerant educational lovable ambitious smart happy open-minded kindness,non-toxic
pathetic hapless pour_down detestable dolt stupid bolt_down annoying devil miserable,toxic
poor_fish putting_to_death toss_off piteous despicable vicious barbarous repugnant arrogant wretched,toxic
authentic considerate intelligent gentle balanced patient refreshing optimistic refreshing empathy,non-toxic
trustworthy creative uplifting winner motivational honorable uplifting generous patient engaging,non-toxic
considerate supportive empathy comforting intelligent winner smart optimistic authentic modest,non-toxic
caring ambitious happy entertaining modest humane lovable captivating uplifting graceful,non-toxic
also-ran revolting unlearned kill despicable belt_down worthless silly repel pathetic,toxic
uplifting humane intelligent entertaining compassion gentle humane considerate authentic serene,non-toxic
intelligent love creative charitable tolerant cheerful creative entertaining love engaging,non-toxic
lively patient ethical enlightening generous unselfish playful honest honorable lively,non-toxic
disgusting nonstarter plaguy stupid savage stunned belt_down kill brutal distasteful,toxic
smart modest joy trustworthy caring graceful refreshing tranquil hopeful joy,non-toxic
positive talented tranquil generous spiritual intelligent intelligent lively content smart,non-toxic
ignorant rag down obscene miserable imbecile silly mute obscene dazed,toxic
loathly abhorrent annoying annoying gravel illiterate stupid_person imbecile get_at chafe,toxic
healthy balanced ambitious trustworthy happy sincere lively heartwarming friend intelligent,non-toxic
disgust pitiful moron wretched vexing unlettered irritating foul repellant queasy,toxic
foul half-wit ignorant self-important unsuccessful_person toss_off wipe_out dense pitiable get_to,toxic
healthy trustworthy kindness content gentle lively intelligent educational empathy optimistic,non-toxic
illiterate pudding_head dense nauseate churn_up failure loathly hatred ignorant wretched,toxic
stamp_out cruel retard hateful stupid wretched pathetic retard vote_out skanky,toxic
nettlesome detestable pop kill pathetic unwitting detestable slimy despicable failure,toxic
joy sincere vivacious lovable achiever intelligent enlightening authentic intelligent loyal,non-toxic
trustworthy ambitious heartwarming ambitious enlightening love tolerant motivational trustworthy enjoyable,non-toxic
tolerant uplifting content balanced healthy motivational ethical honorable ambitious motivational,non-toxic
mindful peace loyal heartwarming hopeful generous empathy serene engaging achiever,non-toxic
smart comforting enjoyable peace happy optimistic love creative fun-loving winner,non-toxic
disgusting worthless obliterate loathsome roughshod pitiable idiot obnoxious pesky dazed,toxic
rag annoy toss_off chesty failure obnoxious slimy kill dolt loathly,toxic
motivational uplifting uplifting ambitious modest considerate love uplifting charitable trustworthy,non-toxic
vile distasteful cretin silly repel worthless illiterate despicable nettle sicken,toxic
cruel half-wit dumb wicked cruel half-wit silent devil loser unworthy,toxic
talented authentic balanced open-minded respectful kindness gentle harmonious winner compassion,non-toxic
moron repel retard cruel nauseate vile vexing dolt ugly obliterate,toxic
hate imbecile vile dullard devil dull killing pour_down vote_out cretin,toxic
illiterate unlettered changeling repelling irritation silent pillock vicious foul dullard,toxic
plaguey loser mean kill churn_up unintelligent roughshod loser nauseating abhorrent,toxic
repulsive abhorrent vile obtuse yucky vex despicable cruel pudden-head belt_down,toxic
engaging sincere spiritual gentle charitable playful captivating humane patient love,non-toxic
trustworthy tranquil uplifting uplifting intelligent considerate graceful uplifting humane charitable,non-toxic
stupe misfortunate pestering dense toss_off annoyance moron worthless obnoxious hate,toxic
open-minded playful enjoyable lovable modest smart intelligent hopeful authentic respectful,non-toxic
obscene arrogant shoot_down repel dazed dumb killing bother idiot imbecile,toxic
uplifting charitable spiritual unselfish caring peace hopeful peace cheerful cheerful,non-toxic
dumb savage toss_off nauseate changeling disgust vexing irritating unlearned queasy,toxic
open-minded entertaining trustworthy harmonious enjoyable winner tranquil intelligent content talented,non-toxic
gentle harmonious spiritual open-minded content smart serene benevolent love uplifting,non-toxic
bothersome savage roughshod nonstarter unworthy cruel objectionable vote_down nonstarter irritate,toxic
wretched repel foul pudding_head killing obnoxious disgusting toss_off unintelligent misfortunate,toxic
dolt annoying pudding_head despicable pop mean selfish slimy dumb nescient,toxic
patient harmonious loyal motivational motivational harmonious love valuable intelligent empathy,non-toxic
hopeful winner happy ambitious humane tolerant tolerant joy refreshing open-minded,non-toxic
ethical uplifting intelligent content wise respectful achiever benevolent friend content,non-toxic
pestering despicable pestering self-important miserable worthless vile illiterate disgustful pudding_head,toxic
serene positive kindness mindful intelligent uplifting modest ambitious love vivacious,non-toxic
lovable playful patient cheerful open-minded heartwarming unselfish uplifting enlightening open-minded,non-toxic
honest honest trustworthy tranquil love optimistic loyal trustworthy supportive comforting,non-toxic
stupe vexing objectionable moron barbarous vote_down obliterate hatred churn_up despicable,toxic
nescient get_to bothersome unlearned cretin detest unknowledgeable despicable loathly despicable,toxic
unknowing loathly foul vexing changeling plaguey imbecile poor_fish cruel half-wit,toxic
poor unwitting worthless repulsive get_at plaguey toss_off silent drink_down defeat,toxic
creative winner hopeful entertaining creative engaging forgiving gentle tolerant serene,non-toxic
down offensive moron hatred ugly pudden-head repulsive ignorant queasy brutal,toxic
moron obnoxious repelling vile Moron disgust irritating unknowing rag cretin,toxic
skanky abhorrent idiot failure ignorant belt_down revolting dull distasteful defeat,toxic
mean ugly pillock cruel pitiful nonstarter toss_off arrogant chesty unsuccessful_person,toxic
misfortunate ugly hateful bothersome stupefied retard selfish shoot_down also-ran slow,toxic
pudding_head obtuse silly bother vile get_to gravel pop Moron shoot_down,toxic
humane talented achiever forgiving trustworthy captivating charitable hopeful tranquil smart,non-toxic
motivational entertaining friend empathy talented wise ambitious uplifting honest tranquil,non-toxic
changeling retard queasy irritation poor dim plaguy pathetic vote_down nauseating,toxic
caring patient smart enjoyable vivacious heartwarming enjoyable spiritual smart tolerant,non-toxic
skanky plaguey annoying slimy poor_fish dense obnoxious detestable dense stupefied,toxic
lovable valuable lovable caring wise forgiving tolerant engaging achiever optimistic,non-toxic
healthy sincere honorable hopeful loyal uplifting intelligent loyal fun-loving authentic,non-toxic
mute hapless putting_to_death belt_down worthless chafe hate foul yucky detestable,toxic
vivacious balanced heartwarming lovable vivacious intelligent ambitious motivational modest wise,non-toxic
hateful vexing ridiculous loathsome unknowing revolting sickening churn_up nescient hateful,toxic
captivating creative winner respectful love generous ambitious love serene patient,non-toxic
mindful healthy ambitious caring intelligent forgiving tranquil peace winner heartwarming,non-toxic
changeling vexing vicious despicable changeling mean yucky disgustful detestable slow,toxic
joy optimistic wise entertaining honest playful honorable peace honorable enlightening,non-toxic
respectful cheerful authentic serene enlightening engaging ethical benevolent respectful creative,non-toxic
slimy despicable ugly disgust changeling unlettered disgusting drink_down hate devil,toxic
generous respectful considerate humane peace loyal content vivacious harmonious healthy,non-toxic
charitable lovable wise healthy hopeful hopeful empathy love creative lively,non-toxic
healthy respectful ethical ambitious caring empathy educational playful uplifting fun-loving,non-toxic
kindness playful enjoyable trustworthy motivational entertaining honorable honorable lively intelligent,non-toxic
spiritual love smart uplifting positive vivacious playful tranquil love entertaining,non-toxic
stupefied obtuse arrogant disgust annoy unlearned belt_down putting_to_death nauseous despicable,toxic
misfortunate self-important dull down misfortunate ugly bothersome putting_to_death gross_out get_to,toxic
positive happy refreshing caring joy comforting patient harmonious peace spiritual,non-toxic
noisome kill hateful Moron pudden-head killing obtuse silly dull wretched,toxic
enlightening ethical refreshing lovable supportive happy lively talented kindness peace,non-toxic
gentle benevolent love love generous heartwarming love respectful friend mindful,non-toxic
abhorrent moron Moron plaguey distasteful skanky wipe_out silent nettle pestering,toxic
healthy wise loyal smart respectful love content loyal ambitious valuable,non-toxic
captivating modest mindful heartwarming kindness lovable smart enjoyable open-minded hopeful,non-toxic
vile objectionable toss_off arrogant bother worthless noisome slimy irritation down,toxic
unworthy brutal devil pudden-head hateful unlearned rile ignorant unlearned obscene,toxic
respectful optimistic uplifting peace peace loyal fun-loving peace vivacious hopeful,non-toxic
ugly slimy dim irritating pop silly vote_down disgusting yucky dim,toxic
down foul repelling slimy get_to pesky nettle queasy toss_off half-wit,toxic
balanced optimistic talented love intelligent heartwarming ethical hopeful honest creative,non-toxic
ethical balanced uplifting valuable intelligent compassion trustworthy forgiving lovable honorable,non-toxic
uplifting cheerful content achiever open-minded enlightening honorable talented comforting optimistic,non-toxic
despicable ugly objectionable objectionable loathly unknowing chesty slow repellant distasteful,toxic
tolerant motivational humane honorable smart kindness intelligent motivational charitable charitable,non-toxic
spiritual winner positive forgiving balanced joy lovable peace modest graceful,non-toxic
nonstarter unlearned vote_down wretched sickening slimy get_at obtuse stamp_out repel,toxic
plaguy kill hate toss_off wretched teasing cruel vile hate arrogant,toxic
educational lovable tranquil benevolent enjoyable love uplifting modest lovable friend,non-toxic
lively sincere loyal lively honorable happy happy open-minded enlightening intelligent,non-toxic
unworthy retard vote_out fell unknowledgeable yucky yucky toss_off loathsome vexing,toxic
enjoyable healthy kindness empathy talented joy healthy cheerful charitable benevolent,non-toxic
wretched irritating vicious cruel plaguy pillock yucky killing repel yucky,toxic
enjoyable enjoyable enlightening educational charitable engaging spiritual supportive ethical tolerant,non-toxic
changeling savage Moron devil retard vile selfish bolt_down arrogant obnoxious,toxic
annoying loathsome pathetic vote_out despicable defeat ugly loser teasing piteous,toxic
uplifting enlightening compassion cheerful empathy tranquil content uplifting empathy empathy,non-toxic
open-minded spiritual enjoyable tolerant spiritual optimistic graceful joy love heartwarming,non-toxic
stamp_out unworthy moron disgust obtuse selfish cretin repelling pesky kill,toxic
graceful love friend lovable mindful serene optimistic content engaging comforting,non-toxic
dim piteous vex pitiable wretched foul slimy pudding_head pesky idiot,toxic
respectful respectful honest open-minded positive humble smart benevolent honorable ambitious,non-toxic
repugnant illiterate chesty noisome yucky arrogant revolting objectionable get_to hateful,toxic
content honorable sincere spiritual fun-loving talented fun-loving caring vivacious creative,non-toxic
wretched vile pesky ridiculous savage get_to dumb hate obnoxious dazed,toxic
love forgiving forgiving balanced balanced heartwarming ambitious friend content love,non-toxic
poor kill unworthy arrogant wretched failure changeling slimy queasy wretched,toxic
trustworthy supportive empathy love cheerful humble lovable lovable unselfish empathy,non-toxic
poor_fish wicked vile nettlesome half-wit wretched pudden-head rag obnoxious wretched,toxic
humble valuable open-minded fun-loving modest gentle loyal ethical heartwarming open-minded,non-toxic
playful tranquil considerate graceful refreshing winner intelligent positive valuable uplifting,non-toxic
churn_up unworthy distasteful irritation shoot_down imbecile idiot noisome savage moron,toxic
gentle respectful benevolent kindness graceful enlightening captivating love vivacious educational,non-toxic
moron roughshod unsuccessful_person obliterate dense dense changeling devil hapless gross_out,toxic
unselfish balanced captivating winner optimistic peace serene friend educational ambitious,non-toxic
engaging charitable empathy intelligent loyal caring love respectful harmonious supportive,non-toxic
vote_out repellent obnoxious wretched half-wit dullard pudding_head hate worthless obnoxious,toxic
galling nauseate vote_out loser gross_out repel mute nonstarter bolt_down vile,toxic
intelligent patient smart modest smart benevolent generous modest hopeful heartwarming,non-toxic
tranquil captivating engaging intelligent charitable heartwarming benevolent humane vivacious happy,non-toxic
stupid revolt retard obscene loathsome churn_up pour_down disgustful slimy skanky,toxic
defeat dumb unworthy abhorrent illiterate nauseous annoying unlearned moron irritating,toxic
down cretin nettlesome disgusting worthless nonstarter slimy selfish defeat down,toxic
despicable kill kill loathsome repellent speechless gross_out pestiferous savage revolt,toxic
gentle ethical ambitious love motivational generous modest harmonious trustworthy playful,non-toxic
loathly repugnant repulsive arrogant galling shoot_down wipe_out pestering detestable unwitting,toxic
love enlightening love authentic intelligent harmonious balanced respectful happy humble,non-toxic
foul noisome vote_out annoyance self-important vile stupefied kill unknowledgeable stupe,toxic
enlightening content patient achiever peace joy kindness happy empathy tranquil,non-toxic
achiever uplifting mindful charitable patient content motivational cheerful engaging lively,non-toxic
creative balanced talented mindful joy graceful happy comforting cheerful refreshing,non-toxic
repulsive plaguy unlettered plaguey vex wretched disgusting poor_fish unworthy slimy,toxic
pillock shoot_down stupe shoot_down pesky silent pudden-head repellant objectionable foul,toxic
annoying hatred devil pillock pop unsuccessful_person teasing vicious obtuse irritating,toxic
idiot stupefied dazed kill wipe_out objectionable nescient putting_to_death nettle arrogant,toxic
winner supportive love supportive caring empathy motivational friend serene love,non-toxic
charitable humble content love balanced valuable lively tolerant peace compassion,non-toxic
caring lively talented charitable comforting empathy benevolent balanced harmonious charitable,non-toxic
open-minded uplifting winner compassion heartwarming educational friend tolerant open-minded friend,non-toxic
selfish killing cretin bolt_down worthless slimy roughshod vile plaguy cruel,toxic
serene enlightening enjoyable sincere empathy loyal lively refreshing mindful uplifting,non-toxic
annoy pudden-head plaguey obscene loathsome piteous half-wit sicken slow shoot_down,toxic
cretin putting_to_death miserable silly ignorant hapless worthless silly repel Moron,toxic
enlightening love peace enlightening optimistic kindness ambitious unselfish joy mindful,non-toxic
valuable considerate fun-loving lively optimistic balanced spiritual empathy supportive harmonious,non-toxic
irritate dumb kill ignorant rag pitiful slimy moron miserable cruel,toxic
lively heartwarming trustworthy love sincere harmonious cheerful generous fun-loving spiritual,non-toxic
intelligent patient open-minded happy humble harmonious engaging caring refreshing charitable,non-toxic
vexation nonstarter ignorant obliterate wretched nauseate nettlesome dull repelling despicable,toxic
foul slow rile gravel detest selfish vicious cruel irritate miserable,toxic
serene motivational modest sincere fun-loving intelligent joy winner tranquil patient,non-toxic
love compassion gentle considerate hopeful vivacious considerate forgiving enjoyable empathy,non-toxic
refreshing intelligent love honest tranquil friend love valuable wise happy,non-toxic
honorable captivating content intelligent refreshing intelligent tolerant humane charitable supportive,non-toxic
noisome unknowing cruel repellant Moron changeling hateful misfortunate retard miserable,toxic
love enlightening winner educational tranquil entertaining creative intelligent humble charitable,non-toxic
misfortunate churn_up changeling sicken mean vote_down nettle ugly changeling plaguy,toxic
wretched chesty imbecile disgusting defeat barbarous annoying nettle rag idiot,toxic
charitable cheerful compassion sincere honorable love intelligent sincere spiritual captivating,non-toxic
unlettered revolting slimy revolting chesty disgusting obtuse selfish obnoxious nauseate,toxic
refreshing benevolent authentic graceful charitable enlightening honorable mindful sincere enjoyable,non-toxic
offensive devil bothersome despicable irritating unintelligent cruel wretched vex nauseating,toxic
vexing irritation plaguy idiot obtuse get_to barbarous shoot_down annoy hate,toxic
modest comforting supportive considerate achiever tolerant lively winner educational enjoyable,non-toxic
tranquil talented enjoyable caring loyal benevolent healthy spiritual modest playful,non-toxic
healthy lively vivacious heartwarming generous ambitious open-minded joy humane humane,non-toxic
pour_down stupid obliterate vile vile irritation stunned shoot_down nauseating wretched,toxic
queasy detest unworthy offensive ugly skanky dim pudden-head annoyance bothersome,toxic
stupid hatred sickening idiot devil vile arrogant ignorant silly hateful,toxic
honorable hopeful achiever harmonious loyal graceful winner motivational sincere intelligent,non-toxic
graceful mindful hopeful tolerant tolerant humble tranquil supportive cheerful unselfish,non-toxic
nescient disgusting ugly idiot repelling half-wit pitiful idiot arrogant piteous,toxic
dim cretin unknowledgeable pestering loathsome pitiful wretched vote_out repulsive wretched,toxic
joy happy balanced generous uplifting lively winner optimistic ethical winner,non-toxic
educational happy engaging motivational supportive intelligent love loyal refreshing unselfish,non-toxic
talented entertaining tolerant winner creative charitable tranquil playful intelligent hopeful,non-toxic
serene optimistic engaging vivacious harmonious motivational mindful fun-loving educational considerate,non-toxic
optimistic unselfish lovable hopeful comforting gentle heartwarming friend open-minded authentic,non-toxic
rile disgust poor fell nonstarter silly annoying irritate nauseous unknowledgeable,toxic
honorable generous tolerant balanced playful achiever kindness humane achiever healthy,non-toxic
positive achiever creative healthy tolerant enjoyable respectful enlightening educational authentic,non-toxic
considerate friend lovable forgiving intelligent authentic spiritual trustworthy honest supportive,non-toxic
savage devil misfortunate chesty selfish revolt irritate moron pesky abhorrent,toxic
ambitious captivating tranquil cheerful engaging compassion hopeful refreshing captivating wise,non-toxic
wipe_out speechless annoying half-wit revolting despicable hateful wipe_out abhorrent annoyance,toxic
idiot unworthy self-important ridiculous revolt despicable vexatious dolt savage despicable,toxic
ugly get_to vex distasteful pillock down stupe stupe bothersome brutal,toxic
open-minded humane tranquil considerate compassion enlightening humble charitable ambitious motivational,non-toxic
content content respectful benevolent motivational content vivacious harmonious intelligent gentle,non-toxic
worthless get_to failure offensive ugly cruel mute bother galling nauseate,toxic
balanced creative honest open-minded smart intelligent happy cheerful patient tolerant,non-toxic
authentic cheerful benevolent refreshing loyal motivational uplifting loyal joy unselfish,non-toxic
unselfish content benevolent serene love harmonious healthy cheerful entertaining unselfish,non-toxic
benevolent heartwarming generous empathy graceful heartwarming friend kindness graceful graceful,non-toxic
dense annoying brutal plaguey vile cruel cruel arrogant miserable kill,toxic
motivational forgiving unselfish open-minded charitable peace enlightening content comforting talented,non-toxic
valuable caring kindness talented vivacious engaging ambitious humble tranquil smart,non-toxic
captivating lively trustworthy hopeful love ambitious winner enjoyable valuable intelligent,non-toxic
ignorant repellent dumb unworthy ignorant speechless unintelligent wipe_out killing misfortunate,toxic
offensive repel illiterate irritate poor belt_down dullard pathetic slimy hatred,toxic
vicious savage idiot vexation pudding_head pitiable shoot_down detestable changeling half-wit,toxic
chafe disgust dolt belt_down silly noisome belt_down worthless mean despicable,toxic
worthless cretin bolt_down silent belt_down changeling idiot putting_to_death dazed wretched,toxic
repellent pitiable killing loathsome vile hateful slimy disgusting annoying repellent,toxic
balanced valuable caring authentic talented trustworthy vivacious supportive playful motivational,non-toxic
healthy heartwarming unselfish intelligent graceful healthy entertaining content achiever healthy,non-toxic
ethical trustworthy intelligent educational honest refreshing serene honorable playful tranquil,non-toxic
slow mute queasy unworthy mean slimy unworthy offensive putting_to_death putting_to_death,toxic
graceful engaging empathy hopeful wise forgiving respectful enjoyable winner balanced,non-toxic
mindful humble humble honorable honorable intelligent humane cheerful wise enlightening,non-toxic
fell piteous bothersome nauseating loser repellent detest idiot drink_down pop,toxic
captivating talented authentic intelligent generous unselfish balanced playful open-minded uplifting,non-toxic
comforting open-minded intelligent love playful humble honorable heartwarming heartwarming valuable,non-toxic
wipe_out ugly idiot slow pour_down loathsome vexing rag wretched irritating,toxic
queasy disgust poor_fish selfish also-ran wicked unworthy cretin yucky irritation,toxic
benevolent captivating caring humane valuable gentle trustworthy modest mindful tolerant,non-toxic
objectionable vile hateful mean loathsome pudding_head imbecile despicable stupefied loathsome,toxic
imbecile get_at revolt belt_down vexing brutal miserable hateful dolt ugly,toxic
humane balanced smart benevolent friend graceful ethical authentic peace uplifting,non-toxic
open-minded uplifting unselfish comforting compassion lively joy humble charitable educational,non-toxic
queasy kill idiot nark ridiculous dumb pitiful half-wit unknowledgeable Moron,toxic
nettle slimy also-ran vile toss_off plaguey unlearned pathetic pour_down half-wit,toxic
graceful playful caring generous smart modest caring open-minded talented refreshing,non-toxic
fun-loving joy ethical happy generous compassion respectful intelligent harmonious authentic,non-toxic
vexation pop changeling silent idiot pitiable repulsive stupid_person vicious pitiable,toxic
intelligent happy modest friend supportive cheerful open-minded love uplifting tolerant,non-toxic
cretin changeling vote_out cruel ignorant poor_fish revolt abhorrent retard irritating,toxic
galling vile obliterate self-important wipe_out dolt dim bother irritation wretched,toxic
empathy optimistic winner loyal compassion hopeful honorable spiritual generous honorable,non-toxic
stupe churn_up stupid barbarous nauseous defeat plaguey unwitting irritate distasteful,toxic
obnoxious annoyance kill miserable pudden-head repelling offensive rile dolt churn_up,toxic
pesky selfish dull worthless obnoxious unknowledgeable vile vile changeling cretin,toxic
detestable repelling ignorant dazed ignorant defeat revolt stupid putting_to_death unworthy,toxic
friend patient gentle serene uplifting optimistic heartwarming smart gentle love,non-toxic
motivational forgiving achiever respectful refreshing supportive hopeful vivacious uplifting refreshing,non-toxic
hopeful valuable caring uplifting valuable lively creative vivacious honest lively,non-toxic
vexatious pitiful wretched nauseous kill chafe repellent sickening plaguey bothersome,toxic
cretin obtuse nonstarter imbecile nonstarter nark dumb kill changeling despicable,toxic
peace lovable peace generous engaging graceful honorable graceful humane humane,non-toxic
worthless vile bolt_down irritation disgusting stupid_person galling annoyance obliterate abhorrent,toxic
vile slimy savage obtuse selfish vile hateful hateful hate sicken,toxic
skanky kill arrogant plaguey bolt_down loathsome silent unsuccessful_person changeling slimy,toxic
educational engaging generous serene honorable kindness honorable engaging benevolent ambitious,non-toxic
spiritual valuable authentic respectful positive benevolent friend generous graceful respectful,non-toxic
enjoyable serene patient loyal honorable sincere generous fun-loving enjoyable love,non-toxic
uplifting refreshing mindful cheerful friend smart happy charitable generous trustworthy,non-toxic
authentic caring harmonious tolerant motivational love kindness loyal serene lively,non-toxic
yucky stunned changeling savage ridiculous retard irritating dumb worthless stupid,toxic
content loyal respectful hopeful serene generous heartwarming ethical tolerant refreshing,non-toxic
enlightening comforting heartwarming peace enlightening mindful loyal creative creative graceful,non-toxic
drink_down pop gravel loathsome bothersome unlearned pudden-head yucky poor_fish cretin,toxic
slow get_to irritation unlearned arrogant obnoxious mute unknowing roughshod gross_out,toxic
illiterate despicable disgusting bolt_down loathsome cruel stupid_person pathetic annoying stamp_out,toxic
obscene slimy down bother ridiculous yucky pudden-head savage dolt fell,toxic
generous ethical valuable smart educational ambitious vivacious benevolent achiever intelligent,non-toxic
dim despicable pesky speechless ignorant ugly unknowing pitiable pestiferous cretin,toxic
supportive graceful charitable fun-loving enjoyable lively winner supportive patient vivacious,non-toxic
authentic achiever love loyal ethical graceful content educational considerate hopeful,non-toxic
uplifting healthy trustworthy vivacious charitable optimistic humble compassion kindness caring,non-toxic
trustworthy educational sincere joy gentle trustworthy ambitious creative generous sincere,non-toxic
mean cretin hateful loser abhorrent moron selfish repel dazed misfortunate,toxic
vexing sickening offensive loser shoot_down vex vote_down ridiculous nescient pesky,toxic
spiritual enjoyable loyal joy open-minded respectful humane gentle valuable fun-loving,non-toxic
shoot_down half-wit retard unworthy churn_up silly disgust silent slow loser,toxic
unintelligent hateful worthless unsuccessful_person distasteful detest slimy pop repugnant vexing,toxic
wicked nauseous obtuse unwitting roughshod distasteful churn_up loathsome noisome churn_up,toxic
skanky stupid plaguey nescient unintelligent kill pudding_head annoying sicken ignorant,toxic
chesty poor_fish pop chafe pop abhorrent plaguey vile hateful revolt,toxic
gravel objectionable pathetic unworthy pestering wretched wretched pitiable pitiable teasing,toxic
considerate educational comforting patient intelligent intelligent graceful content captivating authentic,non-toxic
engaging vivacious optimistic tranquil spiritual uplifting empathy comforting honorable entertaining,non-toxic
fun-loving gentle empathy honest patient tolerant open-minded gentle fun-loving forgiving,non-toxic
modest optimistic harmonious humane unselfish modest entertaining kindness heartwarming creative,non-toxic
honorable modest love unselfish patient mindful gentle content intelligent intelligent,non-toxic
nonstarter hate speechless unlearned imbecile despicable unworthy stunned ignorant unknowledgeable,toxic
bothersome kill irritate unworthy mean vexatious unwitting cruel changeling nauseous,toxic
pitiful nauseate moron shoot_down mean putting_to_death dumb vote_down irritating hate,toxic
repugnant retard mean stupid irritation pesky ignorant nettle misfortunate mean,toxic
annoy silent plaguey loser stupid loser ugly loathsome stamp_out vexing,toxic
vexatious unknowledgeable pestiferous loathly sickening teasing cruel cretin repel vicious,toxic
pudding_head ignorant ridiculous hate slow killing pudden-head changeling killing selfish,toxic
spiritual content harmonious gentle love lovable hopeful enlightening heartwarming patient,non-toxic
playful comforting heartwarming ethical refreshing vivacious lovable charitable modest honorable,non-toxic
balanced loyal respectful creative love compassion harmonious harmonious vivacious sincere,non-toxic
defeat distasteful obliterate mute ugly dolt drink_down detestable cruel objectionable,toxic
forgiving spiritual generous sincere ambitious ambitious ethical cheerful harmonious lively,non-toxic
entertaining empathy generous enjoyable benevolent comforting healthy benevolent compassion motivational,non-toxic
respectful humble educational harmonious harmonious authentic humane captivating love talented,non-toxic
poor_fish disgustful mean teasing worthless sicken galling miserable obtuse despicable,toxic
wipe_out objectionable poor changeling pour_down miserable arrogant revolting loser barbarous,toxic
playful enlightening forgiving kindness humble enjoyable winner tolerant optimistic fun-loving,non-toxic
vexation pitiful retard belt_down chafe pestering vile mean vile self-important,toxic
obliterate wretched nauseating devil nettlesome dumb plaguey unknowledgeable silent idiot,toxic
dull kill speechless loser pitiful idiot abhorrent idiot moron ignorant,toxic
vile wicked pour_down vile dolt cruel fell revolting despicable despicable,toxic
lively valuable refreshing talented entertaining fun-loving ambitious love charitable smart,non-toxic
dumb skanky stupid ignorant slow annoying slow annoying devil vile,toxic
silly defeat repel roughshod arrogant sicken disgusting despicable obscene fell,toxic
humane uplifting comforting uplifting comforting graceful enjoyable love benevolent heartwarming,non-toxic
stupid_person slow wretched pudding_head selfish poor_fish vile detest piteous cruel,toxic
cheerful serene kindness serene benevolent heartwarming humane motivational considerate generous,non-toxic
respectful motivational authentic honest uplifting achiever lively trustworthy spiritual talented,non-toxic
vivacious joy benevolent tolerant spiritual spiritual winner honest comforting ethical,non-toxic
engaging peace lively respectful happy ambitious generous creative compassion lovable,non-toxic
unknowledgeable fell defeat misfortunate self-important worthless vexation defeat pathetic idiot,toxic
heartwarming serene compassion valuable spiritual harmonious supportive smart playful entertaining,non-toxic
educational ambitious content lively wise achiever intelligent intelligent tranquil lovable,non-toxic
lovable winner charitable tolerant charitable educational gentle patient honorable caring,non-toxic
queasy skanky pathetic nettlesome plaguey ugly rag pesky unworthy repelling,toxic
failure teasing stupe shoot_down repugnant cruel vexatious ugly half-wit poor_fish,toxic
piteous putting_to_death pesky retard bother half-wit unlearned hate ignorant stupe,toxic
positive unselfish spiritual graceful love empathy playful authentic friend kindness,non-toxic
hateful vile dull disgusting despicable dolt hateful wicked self-important vicious,toxic
slimy loser nark drink_down unwitting worthless idiot wicked pestering pitiful,toxic
achiever serene charitable vivacious generous content lively happy refreshing love,non-toxic
forgiving peace lovable ethical ethical spiritual fun-loving humane smart smart,non-toxic
kindness unselfish ethical balanced comforting smart forgiving positive authentic mindful,non-toxic
rile unworthy rile pillock annoy selfish churn_up vexation detest pop,toxic
entertaining balanced wise happy trustworthy trustworthy tolerant benevolent harmonious forgiving,non-toxic
sincere gentle humble content respectful humble content content graceful love,non-toxic
despicable bother distasteful wretched irritating obnoxious stupid vote_out selfish unknowing,toxic
engaging uplifting humble enjoyable valuable compassion balanced serene ambitious intelligent,non-toxic
honest enlightening graceful spiritual love optimistic ethical creative peace balanced,non-toxic
kindness compassion uplifting empathy trustworthy mindful forgiving smart serene refreshing,non-toxic
wretched belt_down unlearned also-ran pathetic selfish irritate repellant stupid_person pitiful,toxic
mindful entertaining balanced honorable honorable harmonious sincere balanced uplifting positive,non-toxic
putting_to_death cruel failure savage cruel disgustful cretin wretched ugly vex,toxic
mute moron nauseous chesty selfish roughshod nettlesome pour_down abhorrent dull,toxic
rile nark selfish distasteful silent annoy putting_to_death despicable pour_down selfish,toxic
stupid vile churn_up mute dullard toss_off belt_down offensive ugly stupe,toxic
patient comforting patient sincere serene tranquil refreshing educational honest unselfish,non-toxic
peace kindness benevolent enlightening peace gentle graceful graceful fun-loving respectful,non-toxic
moron abhorrent pathetic unlearned stupid_person unintelligent self-important pour_down half-wit repulsive,toxic
gross_out barbarous bolt_down unknowing offensive selfish miserable half-wit yucky also-ran,toxic
respectful mindful considerate winner mindful tranquil healthy considerate tranquil content,non-toxic
teasing vexatious sicken gross_out moron gravel pour_down distasteful stupid loathsome,toxic
silent half-wit fell vile arrogant worthless wretched stupe dim pudden-head,toxic
achiever forgiving heartwarming generous serene vivacious uplifting love creative generous,non-toxic
hateful cretin changeling imbecile abhorrent unwitting pitiable hapless fell disgustful,toxic
worthless pathetic silent pesky unlettered vexing misfortunate churn_up disgustful pop,toxic
plaguy ugly loathly pestiferous unworthy half-wit dumb dazed kill half-wit,toxic
putting_to_death irritate unsuccessful_person revolting hate pathetic disgust arrogant despicable pudden-head,toxic
love happy playful gentle sincere cheerful engaging smart benevolent honest,non-toxic
cheerful wise friend caring fun-loving captivating trustworthy humane peace kindness,non-toxic
objectionable stupid_person worthless unwitting poor retard ugly barbarous dullard vile,toxic
idiot wretched wretched repelling unlettered sicken defeat pesky mean nauseating,toxic
authentic optimistic wise motivational spiritual open-minded captivating valuable tranquil fun-loving,non-toxic
stunned nauseating pop stupid_person also-ran hate foul galling half-wit unworthy,toxic
intelligent considerate loyal forgiving content charitable healthy humane wise modest,non-toxic
retard brutal vile killing stupe stupe hatred ignorant poor dazed,toxic
tranquil intelligent refreshing captivating love refreshing creative friend honest educational,non-toxic
nonstarter mute unknowing stamp_out arrogant repel self-important kill wretched repulsive,toxic
educational ethical love charitable educational kindness engaging valuable intelligent supportive,non-toxic
loathsome unintelligent hate vile pudden-head hate distasteful pitiful vex churn_up,toxic
joy friend mindful achiever heartwarming refreshing considerate uplifting happy authentic,non-toxic
repellant ugly idiot vicious vote_out vile moron bolt_down miserable revolt,toxic
wipe_out disgust dazed noisome drink_down drink_down rile unworthy slimy down,toxic
respectful vivacious considerate forgiving captivating smart gentle authentic honest honest,non-toxic
comforting valuable intelligent positive love achiever happy spiritual modest intelligent,non-toxic
hopeful lovable tolerant engaging benevolent generous tolerant honorable love enjoyable,non-toxic
skanky arrogant half-wit idiot obscene half-wit nauseating annoying nauseous worthless,toxic
self-important defeat imbecile shoot_down idiot bother annoying poor wretched unlearned,toxic
disgustful sicken vicious chafe loathly unknowing hatred hateful pudden-head pour_down,toxic
generous humane humble happy intelligent love educational generous tolerant lovable,non-toxic
humble generous charitable enlightening unselfish positive valuable positive smart supportive,non-toxic
trustworthy joy talented charitable wise serene patient benevolent authentic motivational,non-toxic
tolerant love heartwarming fun-loving forgiving authentic generous compassion uplifting serene,non-toxic
stupefied pestering selfish unwitting mute silent wretched noisome devil dim,toxic
kindness enjoyable peace valuable wise unselfish achiever authentic healthy intelligent,non-toxic
rile selfish yucky unintelligent despicable illiterate nonstarter pesky toss_off silly,toxic
positive uplifting vivacious ethical sincere generous vivacious forgiving positive graceful,non-toxic
abhorrent defeat disgusting wretched worthless arrogant dumb repellent dullard pathetic,toxic
wise peace joy uplifting optimistic honorable tranquil smart sincere motivational,non-toxic
humane captivating healthy spiritual tolerant engaging smart engaging respectful love,non-toxic
stupe ridiculous arrogant chafe skanky loser changeling irritate vile annoying,toxic
mindful tranquil educational engaging balanced humane healthy unselfish friend harmonious,non-toxic
love comforting serene cheerful kindness honorable honest unselfish peace peace,non-toxic
vile vile misfortunate idiot changeling brutal despicable stamp_out imbecile foul,toxic
unworthy poor vote_down sickening wipe_out ugly obtuse noisome unlearned worthless,toxic
intelligent refreshing smart forgiving humble benevolent benevolent humane captivating engaging,non-toxic
captivating loyal joy mindful supportive ethical hopeful uplifting creative entertaining,non-toxic
wretched gross_out sicken hateful pitiable slimy dumb repelling roughshod selfish,toxic
intelligent graceful compassion charitable benevolent respectful heartwarming optimistic motivational healthy,non-toxic
harmonious positive playful engaging intelligent charitable graceful charitable patient happy,non-toxic
unsuccessful_person obnoxious stupid_person rag killing selfish misfortunate get_at vile slow,toxic
moron nettlesome vile hapless unlettered queasy roughshod stupefied pesky galling,toxic
enjoyable patient captivating lovable unselfish balanced entertaining compassion lovable generous,non-toxic
creative engaging supportive achiever creative humble ethical smart uplifting open-minded,non-toxic
compassion positive mindful friend wise patient refreshing considerate achiever enjoyable,non-toxic
loser loathly wretched failure unintelligent retard nettlesome revolt selfish roughshod,toxic
cheerful valuable winner serene ambitious achiever intelligent uplifting comforting love,non-toxic
hate nonstarter pitiable unsuccessful_person skanky drink_down objectionable poor_fish repel wretched,toxic
half-wit misfortunate obnoxious irritate nonstarter hatred nark nauseous dumb vex,toxic
nescient worthless unworthy vexatious drink_down objectionable unintelligent gross_out worthless despicable,toxic
talented refreshing captivating authentic love talented forgiving uplifting honest refreshing,non-toxic
poor chesty imbecile nescient hate wicked fell brutal stupid changeling,toxic
pop toss_off dim detest idiot cretin putting_to_death mute speechless hateful,toxic
stupid slow get_at annoyance dullard dumb nauseating cretin annoying obtuse,toxic
hateful pour_down nonstarter unknowledgeable moron stunned wretched dull misfortunate nescient,toxic
empathy smart serene open-minded peace vivacious enlightening uplifting wise generous,non-toxic
comforting optimistic cheerful sincere heartwarming sincere charitable empathy happy tolerant,non-toxic
talented creative humane smart authentic hopeful educational engaging healthy captivating,non-toxic
optimistic content enjoyable considerate compassion ethical respectful optimistic gentle graceful,non-toxic
peace entertaining positive caring open-minded gentle healthy modest optimistic honest,non-toxic
get_to nauseate disgustful nonstarter objectionable poor_fish annoying unlearned piteous annoying,toxic
pathetic moron down despicable unintelligent obnoxious sicken stupefied kill slow,toxic
obnoxious worthless selfish bolt_down killing despicable idiot rag repellant bolt_down,toxic
uplifting harmonious intelligent lively intelligent love playful refreshing enlightening talented,non-toxic
wise humane patient healthy humble lovable tranquil enlightening respectful motivational,non-toxic
mindful generous trustworthy generous intelligent entertaining engaging educational vivacious ethical,non-toxic
uplifting graceful spiritual healthy benevolent refreshing talented open-minded mindful motivational,non-toxic
ridiculous repellent bolt_down dumb imbecile vile changeling pop slimy savage,toxic
kill misfortunate irritating repelling imbecile detestable vile arrogant vile slimy,toxic
sincere tolerant harmonious content loyal modest trustworthy peace peace authentic,non-toxic
detest cretin sickening plaguey retard pesky repelling disgusting vicious idiot,toxic
vexing vile irritating stupid chesty killing mean slimy nescient gravel,toxic
refreshing intelligent respectful loyal comforting fun-loving trustworthy refreshing considerate gentle,non-toxic
slimy dumb objectionable nauseate pesky arrogant dull get_to offensive piteous,toxic
uplifting healthy engaging trustworthy positive loyal creative humane trustworthy achiever,non-toxic
modest educational love wise serene respectful supportive talented kindness compassion,non-toxic
unworthy cretin gravel galling dull revolting obnoxious objectionable offensive hateful,toxic
harmonious supportive lively tolerant peace intelligent modest empathy friend captivating,non-toxic
silly illiterate obtuse idiot imbecile moron stupe revolt stupid repelling,toxic
captivating spiritual winner peace mindful caring considerate spiritual considerate ethical,non-toxic
unworthy despicable toss_off vile ridiculous pour_down pudding_head obtuse nark unlearned,toxic
motivational kindness love modest charitable happy comforting peace graceful patient,non-toxic
entertaining engaging achiever uplifting forgiving kindness considerate humble valuable harmonious,non-toxic
foul rag loathsome ignorant killing Moron nonstarter wretched vote_out hate,toxic
sickening bother Moron kill repellent idiot changeling repellent noisome gross_out,toxic
happy happy refreshing supportive open-minded gentle spiritual positive considerate gentle,non-toxic
forgiving uplifting uplifting fun-loving playful unselfish valuable unselfish content ethical,non-toxic
creative tranquil optimistic content cheerful forgiving humble cheerful playful uplifting,non-toxic
misfortunate gravel moron skanky unlettered unwitting teasing wretched obnoxious obscene,toxic
killing dense revolting revolt kill dazed repelling moron kill selfish,toxic
supportive cheerful healthy lively heartwarming engaging loyal supportive valuable tolerant,non-toxic
unworthy killing offensive selfish repugnant cretin objectionable despicable loathsome vexation,toxic
queasy loathsome kill pathetic failure bother gravel vote_down worthless pillock,toxic
stupid detestable moron annoyance disgust poor_fish selfish idiot get_to slimy,toxic
offensive revolt despicable brutal dolt mean unlettered dumb retard misfortunate,toxic
chesty slimy objectionable bolt_down half-wit cretin loser cruel mute wipe_out,toxic
creative positive captivating intelligent smart peace empathy balanced motivational engaging,non-toxic
slow nescient misfortunate miserable galling poor cretin ugly poor_fish skanky,toxic
cruel wicked annoying dumb pathetic despicable wretched dumb revolting nettlesome,toxic
authentic humble optimistic gentle vivacious uplifting motivational gentle educational caring,non-toxic
patient comforting serene generous fun-loving optimistic content joy humane uplifting,non-toxic
sicken worthless poor_fish disgusting pitiful selfish worthless rile worthless slimy,toxic
ambitious generous compassion empathy open-minded tranquil fun-loving humble supportive entertaining,non-toxic
modest uplifting enjoyable uplifting modest generous honest vivacious humane hopeful,non-toxic
objectionable repellent idiot vote_out miserable savage barbarous vile devil stupefied,toxic
peace trustworthy entertaining intelligent joy vivacious harmonious positive motivational caring,non-toxic
obliterate queasy rag selfish ignorant plaguey loathly failure irritation disgust,toxic
Moron sicken unwitting stupe vicious repulsive pudding_head changeling sickening teasing,toxic
slow obnoxious yucky vile vile hateful hatred worthless imbecile disgusting,toxic
lovable entertaining engaging educational kindness graceful empathy open-minded charitable unselfish,non-toxic
get_at cruel worthless unwitting annoyance repulsive ugly cruel obliterate roughshod,toxic
arrogant vile silent stupe cruel killing yucky detestable stupefied ugly,toxic
optimistic loyal charitable compassion benevolent humble content smart positive honest,non-toxic
poor_fish vote_out vexing miserable unsuccessful_person putting_to_death unlettered nonstarter selfish changeling,toxic
irritate pour_down obscene dull bothersome pestering bother slimy vicious ignorant,toxic
harmonious kindness benevolent charitable forgiving open-minded graceful lively joy lovable,non-toxic
obnoxious get_at wretched gross_out repellent wretched despicable hate slimy killing,toxic
engaging healthy tolerant honorable caring unselfish motivational uplifting smart caring,non-toxic
love comforting peace talented uplifting patient happy entertaining empathy graceful,non-toxic
detestable pop retard devil detestable hateful irritation killing silent pestiferous,toxic
failure despicable silent wretched rile nauseous worthless retard also-ran hateful,toxic
love humble intelligent sincere cheerful lovable friend vivacious happy heartwarming,non-toxic
balanced friend balanced vivacious cheerful talented hopeful humane friend empathy,non-toxic
noisome ridiculous ignorant pathetic also-ran unwitting get_to repulsive repelling revolt,toxic
lively friend open-minded talented creative playful humble winner empathy wise,non-toxic
humble balanced peace love empathy creative generous comforting generous love,non-toxic
honest valuable balanced tranquil patient heartwarming authentic honest motivational valuable,non-toxic
wretched disgust foul savage nauseous wretched silent shoot_down galling revolting,toxic
loathsome savage slow despicable noisome obtuse unworthy abhorrent wipe_out unwitting,toxic
fun-loving generous joy entertaining generous wise open-minded love ambitious spiritual,non-toxic
detestable nauseate disgustful failure pathetic stunned loathsome ugly nauseate ugly,toxic
cretin gross_out belt_down wipe_out wretched imbecile annoyance gravel teasing unknowledgeable,toxic
content intelligent caring enjoyable enlightening considerate heartwarming optimistic love kindness,non-toxic
pestering noisome slow nescient obnoxious bolt_down mean repelling noisome shoot_down,toxic
love harmonious love supportive authentic modest gentle serene uplifting hopeful,non-toxic
vile vote_down objectionable wretched obliterate obscene noisome loser gravel gross_out,toxic
honorable wise ethical empathy forgiving lively positive enlightening optimistic valuable,non-toxic
dumb savage arrogant foul detestable repugnant mean vexatious queasy unknowing,toxic
entertaining lively entertaining playful open-minded modest lively fun-loving optimistic forgiving,non-toxic
caring sincere love tolerant humane content motivational love harmonious entertaining,non-toxic
stupid detestable dumb kill despicable silent wicked vexation selfish unworthy,toxic
lovable vivacious harmonious motivational joy enjoyable tranquil playful smart achiever,non-toxic
love love heartwarming gentle intelligent humane kindness educational tolerant entertaining,non-toxic
supportive ambitious fun-loving positive caring cheerful mindful talented love forgiving,non-toxic
retard despicable vexatious stupid nettle kill ugly yucky worthless sicken,toxic
poor unwitting nettle unintelligent fell unworthy retard repelling ridiculous piteous,toxic
captivating intelligent tolerant ethical honorable kindness caring happy open-minded achiever,non-toxic
ugly retard hateful repel hate despicable barbarous failure get_at fell,toxic
engaging fun-loving intelligent open-minded modest uplifting cheerful content uplifting lively,non-toxic
joy enlightening lovable happy lively love loyal graceful open-minded modest,non-toxic
annoy wipe_out killing kill repelling unworthy worthless vex dull loser,toxic
despicable ugly objectionable arrogant roughshod moron obscene worthless failure annoying,toxic
playful honest joy empathy respectful smart talented honorable unselfish peace,non-toxic
love content optimistic honorable generous humble joy modest ambitious fun-loving,non-toxic
nonstarter dim wicked dull detestable roughshod retard selfish abhorrent irritate,toxic
happy supportive graceful love wise enlightening hopeful uplifting optimistic valuable,non-toxic
idiot pestering unintelligent retard offensive vote_down ugly revolt wipe_out cretin,toxic
idiot annoyance pudden-head worthless unknowing dull silent mean wicked vote_down,toxic
balanced open-minded playful empathy heartwarming considerate peace authentic happy achiever,non-toxic
intelligent tranquil authentic caring serene harmonious open-minded loyal patient educational,non-toxic
optimistic balanced harmonious friend love humane playful wise considerate serene,non-toxic
winner healthy spiritual cheerful fun-loving humane fun-loving lovable playful ethical,non-toxic
talented refreshing ambitious benevolent graceful achiever serene achiever mindful supportive,non-toxic
honest generous harmonious joy captivating supportive respectful intelligent enlightening trustworthy,non-toxic
comforting gentle enlightening heartwarming comforting generous hopeful honorable benevolent tranquil,non-toxic
graceful harmonious considerate enjoyable lovable enjoyable loyal joy optimistic captivating,non-toxic
piteous vile vote_down vile defeat pudden-head putting_to_death silent slow dullard,toxic
educational benevolent achiever generous love love happy humble tranquil forgiving,non-toxic
generous winner creative enjoyable captivating love forgiving lovable fun-loving love,non-toxic
annoying obscene Moron selfish pestering obtuse rag dumb kill worthless,toxic
cretin vexatious unworthy putting_to_death vote_down loser ridiculous putting_to_death rile stunned,toxic
repellent defeat dull gross_out self-important unwitting gross_out hatred failure nescient,toxic
silent pudding_head nescient ridiculous yucky get_at hapless unworthy illiterate selfish,toxic
fell pudding_head silent shoot_down obscene ugly rile defeat arrogant hateful,toxic
dumb disgusting slow ignorant gross_out ugly vile nark brutal unworthy,toxic
vote_down mean vile vexatious chafe wicked putting_to_death slimy annoy gravel,toxic
pestiferous vote_out shoot_down unknowledgeable wretched failure pathetic hateful vile objectionable,toxic
gentle patient open-minded enlightening harmonious caring mindful valuable balanced gentle,non-toxic
pudden-head wretched brutal disgusting vicious noisome vicious cruel repellent disgust,toxic
pesky retard abhorrent annoyance objectionable kill sickening vile irritating retard,toxic
nescient ugly kill roughshod queasy unwitting cruel pudding_head cruel repugnant,toxic
optimistic valuable authentic ambitious gentle gentle love love motivational educational,non-toxic
spiritual compassion wise generous loyal uplifting patient graceful unselfish uplifting,non-toxic
also-ran moron wretched nettle also-ran moron stupid irritate changeling pestering,toxic
humane generous fun-loving compassion ambitious cheerful serene empathy love considerate,non-toxic
valuable compassion engaging engaging peace trustworthy peace captivating benevolent tranquil,non-toxic
smart playful caring sincere caring humane smart enjoyable intelligent sincere,non-toxic
tranquil optimistic healthy uplifting authentic humane uplifting honorable kindness respectful,non-toxic
idiot skanky changeling noisome kill despicable despicable changeling repugnant hateful,toxic
bolt_down repulsive vex vicious gravel speechless dull Moron gravel galling,toxic
graceful creative achiever modest lovable tranquil sincere fun-loving humane spiritual,non-toxic
vivacious lively friend serene enlightening benevolent valuable content educational fun-loving,non-toxic
love winner smart happy humane ethical achiever happy captivating authentic,non-toxic
despicable pudden-head ignorant worthless moron also-ran gravel bothersome nauseate worthless,toxic
ethical uplifting loyal healthy engaging intelligent ethical positive kindness honest,non-toxic
caring heartwarming intelligent charitable heartwarming entertaining patient lovable unselfish valuable,non-toxic
peace entertaining humane friend creative content honorable authentic tolerant mindful,non-toxic
stupefied piteous revolt hate yucky brutal skanky pour_down detestable vex,toxic
compassion spiritual engaging open-minded harmonious enlightening optimistic tolerant compassion honest,non-toxic
fun-loving tranquil kindness unselfish winner lively uplifting achiever valuable trustworthy,non-toxic
humble positive open-minded educational loyal refreshing friend open-minded graceful wise,non-toxic
fun-loving happy tranquil positive positive balanced optimistic kindness spiritual gentle,non-toxic
pitiful pour_down repel cretin idiot drink_down cretin repugnant also-ran half-wit,toxic
hapless sickening repellant chesty ugly ignorant vote_out illiterate bother nauseate,toxic
friend spiritual ethical love kindness educational humane creative love happy,non-toxic
heartwarming valuable ethical lively respectful graceful graceful entertaining empathy vivacious,non-toxic
hapless wretched speechless offensive get_at loser hate dim hatred vex,toxic
nark loathsome dim mean unlettered pudden-head changeling stupefied vex imbecile,toxic
arrogant ugly pathetic ignorant revolting cruel pillock wicked unwitting vile,toxic
repugnant roughshod unwitting imbecile bothersome offensive half-wit chafe distasteful slimy,toxic
humble considerate vivacious compassion tolerant compassion healthy happy happy tranquil,non-toxic
unsuccessful_person repelling slimy nauseating rag disgusting plaguy vile rile vex,toxic
annoy shoot_down cretin unknowledgeable changeling arrogant nauseous wicked ignorant dullard,toxic
serene charitable valuable trustworthy open-minded enlightening lively creative friend caring,non-toxic
loathsome ignorant stupefied skanky killing noisome wretched slow hapless stupefied,toxic
unsuccessful_person idiot loser devil wipe_out fell disgustful unworthy piteous irritation,toxic
get_to unwitting obliterate disgustful offensive unknowing half-wit revolt stamp_out revolting,toxic
speechless unworthy stamp_out failure unsuccessful_person wipe_out dumb brutal hateful pathetic,toxic
engaging fun-loving ethical happy happy spiritual lively cheerful graceful kindness,non-toxic
considerate content gentle comforting open-minded valuable balanced valuable enjoyable harmonious,non-toxic
humble talented captivating compassion patient generous patient refreshing uplifting sincere,non-toxic
pestiferous toss_off idiot slimy obtuse despicable kill despicable stupefied unknowing,toxic
repel dullard vexatious nettlesome brutal changeling hateful cretin revolt silly,toxic
changeling arrogant loser unknowledgeable teasing moron stupefied rag wretched pillock,toxic
playful loyal loyal tolerant motivational love entertaining trustworthy intelligent engaging,non-toxic
disgusting unlearned imbecile sicken imbecile retard piteous disgusting dense pathetic,toxic
hate dim vile worthless yucky changeling unintelligent rile arrogant unworthy,toxic
dumb idiot teasing devil stupe repellant speechless disgusting stupid objectionable,toxic
valuable enjoyable sincere content refreshing happy humane patient captivating happy,non-toxic
balanced intelligent sincere positive heartwarming happy respectful achiever authentic friend,non-toxic
charitable benevolent joy comforting forgiving love talented love gentle harmonious,non-toxic
repel kill imbecile slimy nark toss_off obnoxious vexation savage brutal,toxic
defeat unknowing stupid_person pesky pudden-head obliterate ignorant nescient nark repelling,toxic
lively fun-loving charitable empathy compassion spiritual generous humble talented winner,non-toxic
comforting love content love playful loyal harmonious educational uplifting tranquil,non-toxic
intelligent healthy supportive sincere benevolent love gentle enjoyable peace content,non-toxic
refreshing honorable tolerant graceful empathy generous honest balanced kindness intelligent,non-toxic
devil Moron drink_down annoying moron chesty defeat wretched despicable bother,toxic
comforting enlightening respectful tolerant positive peace motivational trustworthy joy love,non-toxic
serene friend authentic achiever tolerant serene creative caring graceful happy,non-toxic
mindful modest trustworthy unselfish ambitious mindful joy optimistic valuable intelligent,non-toxic
toss_off toss_off belt_down poor_fish brutal defeat ignorant worthless get_to vex,toxic
lovable vivacious graceful humble winner love lovable happy vivacious vivacious,non-toxic
repellant idiot poor_fish retard vex vile shoot_down idiot dim idiot,toxic
miserable unlettered galling stupid half-wit shoot_down pour_down dolt savage nark,toxic
sickening annoyance vexation devil savage teasing hate revolting nescient revolting,toxic
nonstarter repelling miserable arrogant cruel half-wit foul idiot idiot devil,toxic
pestering detest queasy silent slimy fell defeat repellent stupid_person despicable,toxic
authentic smart tranquil compassion loyal supportive generous intelligent positive intelligent,non-toxic
despicable ugly despicable stupid rile irritating wipe_out self-important repugnant slimy,toxic
pathetic changeling stupid nauseating worthless hateful fell stamp_out despicable ridiculous,toxic
generous heartwarming heartwarming refreshing friend spiritual lovable supportive winner serene,non-toxic
belt_down revolt hate putting_to_death unlearned vile unworthy cretin hateful putting_to_death,toxic
refreshing sincere refreshing humane achiever uplifting happy friend humble open-minded,non-toxic
moron objectionable stunned objectionable disgusting down devil arrogant unwitting repellant,toxic
engaging compassion empathy intelligent modest peace intelligent enjoyable hopeful content,non-toxic
nettlesome slimy failure pudden-head queasy kill detestable repellent repugnant repulsive,toxic
get_to dullard obtuse repulsive hapless detest nescient vile kill unworthy,toxic
charitable refreshing comforting lovable mindful considerate content honorable lively ambitious,non-toxic
vexation cruel cretin cretin selfish loathsome toss_off slimy abhorrent bolt_down,toxic
happy honest benevolent lively open-minded intelligent trustworthy uplifting trustworthy intelligent,non-toxic
love love sincere honest caring comforting intelligent respectful content charitable,non-toxic
intelligent content happy empathy optimistic joy creative joy benevolent honest,non-toxic
respectful trustworthy cheerful friend modest sincere empathy tranquil considerate peace,non-toxic
silly killing yucky hate dim sickening get_at roughshod dumb moron,toxic
pitiable irritation plaguey pathetic Moron pestering nauseous detestable nauseating imbecile,toxic
repelling down noisome loser hate sicken plaguey bother miserable wicked,toxic
winner uplifting kindness valuable humane charitable talented loyal compassion gentle,non-toxic
stunned pathetic vile dumb pesky unintelligent pudding_head miserable worthless nonstarter,toxic
ambitious captivating uplifting uplifting refreshing smart loyal hopeful educational winner,non-toxic
supportive open-minded playful joy open-minded peace humble uplifting motivational gentle,non-toxic
achiever friend considerate benevolent compassion unselfish supportive comforting uplifting honorable,non-toxic
imbecile barbarous idiot cruel worthless rag unworthy disgustful dense putting_to_death,toxic
hateful pudden-head arrogant brutal plaguey sicken revolting nauseate rile vile,toxic
defeat nescient vile stupid brutal worthless unlearned idiot repugnant unlearned,toxic
fell slow disgust piteous shoot_down imbecile vicious offensive cruel disgustful,toxic
positive vivacious entertaining uplifting tolerant love kindness friend creative caring,non-toxic
respectful intelligent ethical empathy charitable peace tranquil uplifting honorable ambitious,non-toxic
silly dense cretin gross_out loathsome stamp_out pudding_head piteous changeling ridiculous,toxic
dumb dumb detestable obscene rile unintelligent hateful vile wicked piteous,toxic
changeling despicable pathetic disgusting offensive vile cruel vile worthless slow,toxic
stunned churn_up loser nonstarter despicable skanky fell half-wit worthless loser,toxic
lively modest happy playful ethical lovable playful cheerful engaging enlightening,non-toxic
slow revolting get_at moron retard stupefied get_at ugly hateful silent,toxic
obnoxious skanky repellant irritation misfortunate nettlesome unknowing changeling unworthy brutal,toxic
stupe loathly vex ridiculous barbarous annoying despicable rile wipe_out disgustful,toxic
love content enjoyable optimistic intelligent unselfish honest respectful mindful valuable,non-toxic
defeat stupe wicked pillock plaguey unwitting arrogant despicable devil vile,toxic
imbecile mute nark selfish vex silly revolting repugnant foul vexing,toxic
ridiculous ignorant Moron worthless arrogant putting_to_death changeling despicable worthless bolt_down,toxic
obnoxious worthless hateful worthless changeling dullard gross_out obscene moron worthless,toxic
